{"cameraMode":{"drawMode":0,"name":"Shaded","section":"Shading Mode"},"sceneLighting":false,"audioPlay":false,"sceneViewState":{"m_AlwaysRefresh":false,"showFog":true,"showSkybox":false,"showFlares":true,"showImageEffects":true,"showParticleSystems":true,"showVisualEffectGraphs":true,"m_FxEnabled":true},"in2DMode":false,"pivot":{"x":4.901556015014648,"y":0.9493288993835449,"z":0.20389914512634278},"rotation":{"x":-0.26124149560928347,"y":-0.0037677064538002016,"z":0.001018043258227408,"w":-0.9652703404426575},"size":1.7320507764816285,"orthographic":false}